Sum of students_enrolled_courser,Column Labels,,,,
Row Labels,Advanced,Beginner,Intermediate,Mixed,Grand Total
Machine Learning,,,290000,3200000,3490000
The Science of Well-Being,,,,2500000,2500000
Python for Everybody,,1500000,,,1500000
Programming for Everybody (Getting Started with Python),,,,1300000,1300000
Data Science,,830000,,,830000
Career Success,,790000,,,790000
English for Career Development,,,,760000,760000
Successful Negotiation: Essential Strategies and Skills,,,,750000,750000
Data Science: Foundations using R,,740000,,,740000
Deep Learning,,,690000,,690000
Neural Networks and Deep Learning,,,630000,,630000
Improve Your English Communication Skills,,610000,,,610000
Academic English: Writing,,540000,,,540000
Business Foundations,,510000,,,510000
Excel to MySQL: Analytic Techniques for Business,,490000,,,490000
R Programming,,,480000,,480000
IBM Data Science,,480000,,,480000
Applied Data Science with Python,,,480000,,480000
Financial Markets,,470000,,,470000
Project Management & Other Tools for Career Development,,440000,,,440000
"Speak English Professionally: In Person, Online & On the Phone",,,,430000,430000
Grammar and Punctuation,,,,430000,430000
The Data Scientist’s Toolbox,,,,420000,420000
Python Data Structures,,,,420000,420000
First Step Korean,,400000,,,400000
Introduction to Data Science in Python,,,390000,,390000
Java Programming and Software Engineering Fundamentals,,380000,,,380000
Digital Marketing,,380000,,,380000
SAS Programmer,,370000,,,370000
Stanford Introduction to Food and Health,,370000,,,370000
Introduction to Philosophy,,,,370000,370000
Google IT Support,,350000,,,350000
AI For Everyone,,350000,,,350000
Competitive Strategy and Organization Design,,,350000,,350000
Camino a la Excelencia en Gestión de Proyectos,,340000,,,340000
Object Oriented Programming in Java,,330000,,,330000
The Singer Songwriter,,320000,,,320000
Advanced Data Science with IBM,320000,,,,320000
A Life of Happiness and Fulfillment,,,,320000,320000
Marketing in a Digital World,,310000,,,310000
Using Python to Access Web Data,,,,310000,310000
Modern Art & Ideas,,310000,,,310000
Finanzas personales,,,,310000,310000
Introduction to Data Science,,310000,,,310000
Architecting with Google Compute Engine,,,310000,,310000
Cloud Engineering with Google Cloud,,,310000,,310000
Security in Google Cloud Platform,,,300000,,300000
Developing Applications with Google Cloud Platform,,,300000,,300000
Networking in Google Cloud,,,290000,,290000
Fundamentals of Graphic Design,,290000,,,290000
Web Design for Everybody: Basics of Web Development & Coding,,280000,,,280000
Technical Support Fundamentals,,280000,,,280000
Primeros Auxilios Psicológicos (PAP),,,,280000,280000
Mastering Data Analysis in Excel,,,,280000,280000
Business Analytics,,280000,,,280000
Write Professional Emails in English,,,,270000,270000
Introductory Human Physiology,,,,270000,270000
Introduction to Psychology,,270000,,,270000
Introduction to Mathematical Thinking,,,270000,,270000
Introduction to Programming with MATLAB,,270000,,,270000
"Improving Deep Neural Networks: Hyperparameter tuning, Regularization and Optimization",,270000,,,270000
An Introduction to Programming the Internet of Things (IOT),,270000,,,270000
What is Data Science?,,260000,,,260000
Methods and Statistics in Social Sciences,,260000,,,260000
Finance & Quantitative Modeling for Analysts,,260000,,,260000
Greek and Roman Mythology,,,,260000,260000
Game Theory,,260000,,,260000
Object Oriented Java Programming: Data Structures and Beyond,,,250000,,250000
"Programming Foundations with JavaScript, HTML and CSS",,250000,,,250000
"HTML, CSS, and Javascript for Web Developers",,,,240000,240000
Excel Skills for Business,,240000,,,240000
Machine Learning Foundations: A Case Study Approach,,,,240000,240000
Design Thinking for Innovation,,240000,,,240000
Convolutional Neural Networks,,,240000,,240000
Mindshift: Break Through Obstacles to Learning and Discover Your Hidden Potential,,230000,,,230000
Project Management Principles and Practices,,230000,,,230000
English for Business and Entrepreneurship,,230000,,,230000
Using Databases with Python,,,,220000,220000
Social Psychology,,220000,,,220000
Structuring Machine Learning Projects,,220000,,,220000
Statistics with R,,220000,,,220000
Introduction to HTML5,,,,220000,220000
Functional Programming in Scala,,,220000,,220000
Introduction to Marketing,,,,220000,220000
IBM Applied AI,,220000,,,220000
Leading People and Teams,,220000,,,220000
Applied Data Science,,220000,,,220000
Algorithmic Toolbox,,,220000,,220000
COVID-19 Contact Tracing,,220000,,,220000
Data Analysis and Presentation Skills: the PwC Approach,,220000,,,220000
Contabilidad para no contadores,,220000,,,220000
Guitar for Beginners,,,,210000,210000
Data Science: Statistics and Machine Learning,,,210000,,210000
Become a CBRS Certified Professional Installer by Google,,,,210000,210000
Think Again I: How to Understand Arguments,,200000,,,200000
Introduction to Financial Accounting,,,,200000,200000
Excel Skills for Business: Essentials,,200000,,,200000
Fundamentals of Computing,,200000,,,200000
Aprender,,,,200000,200000
English Composition I,,200000,,,200000
Project Launch,,190000,,,190000
Vital Signs: Understanding What the Body Is Telling Us,,,,190000,190000
Psychological First Aid,,,,190000,190000
Étudier en France: French Intermediate course B1-B2,,,190000,,190000
Advanced Machine Learning,190000,,,,190000
The Power of Macroeconomics: Economic Principles in the Real World,,,,180000,180000
Positive Psychology,,,,180000,180000
Learn to Program: The Fundamentals,,180000,,,180000
Fundamentals of Music Theory,,180000,,,180000
Initiating and Planning Projects,,,,180000,180000
Fashion as Design,,180000,,,180000
Aprendiendo a aprender: Poderosas herramientas mentales con las que podrás dominar temas difíciles (Learning How to Learn),,180000,,,180000
Basic Statistics,,180000,,,180000
Medical Neuroscience,170000,,,,170000
Responsive Website Development and Design,,170000,,,170000
Python for Data Science and AI,,170000,,,170000
TensorFlow in Practice,,,170000,,170000
Functional Programming Principles in Scala,,,170000,,170000
How Things Work: An Introduction to Physics,,,170000,,170000
Executive Data Science,,170000,,,170000
SQL for Data Science,,160000,,,160000
Photography Basics and Beyond: From Smartphone to DSLR,,160000,,,160000
Introduction to Big Data,,,,160000,160000
Java Programming: Solving Problems with Software,,160000,,,160000
Introduction to Probability and Data,,160000,,,160000
Learn SQL Basics for Data Science,,160000,,,160000
Business and Financial Modeling,,160000,,,160000
Viral Marketing and How to Craft Contagious Content,,,,150000,150000
Mathematics for Machine Learning,,150000,,,150000
Interaction Design,,,150000,,150000
Fundamentos de Excel para Negocios,,150000,,,150000
Full Stack Web and Multiplatform Mobile App Development,,,150000,,150000
"Introduction to TensorFlow for Artificial Intelligence, Machine Learning, and Deep Learning",,,150000,,150000
Introduction to Engineering Mechanics,,,,150000,150000
Introduction to Classical Music,,,,150000,150000
De-Mystifying Mindfulness,,150000,,,150000
Algorithms,,,150000,,150000
Dog Emotion and Cognition,,,,150000,150000
Arizona State University TESOL,,150000,,,150000
Applied Machine Learning in Python,,,150000,,150000
"Creatividad, diseño e innovación: Técnicas y herramientas",,150000,,,150000
Mathematics for Machine Learning: Linear Algebra,,140000,,,140000
Writing in the Sciences,,140000,,,140000
Science of Exercise,,140000,,,140000
Introduction to Personal Branding,,140000,,,140000
IBM AI Engineering,,,140000,,140000
"GIS, Mapping, and Spatial Analysis",,140000,,,140000
Full-Stack Web Development with React,,,140000,,140000
How To Create a Website in a Weekend! (Project-Centered Course),,,,140000,140000
Introducción a Data Science: Programación Estadística con R,,140000,,,140000
Data Mining,,,140000,,140000
Data Warehousing for Business Intelligence,140000,,,,140000
Data Science Math Skills,,140000,,,140000
Creative Problem Solving,,,,140000,140000
Digital Product Management,,140000,,,140000
Creative Writing,,140000,,,140000
Cybersecurity and Its Ten Domains,,140000,,,140000
The Addicted Brain,,130000,,,130000
"The Modern World, Part One: Global History from 1760 to 1910",,130000,,,130000
Social Media Marketing,,130000,,,130000
The Bits and Bytes of Computer Networking,,130000,,,130000
Model Thinking,,,,130000,130000
Understanding the Brain: The Neurobiology of Everyday Life,,130000,,,130000
Introduction to Corporate Finance,,,,130000,130000
"Cameras, Exposure, and Photography",,,,130000,130000
Data Visualization and Communication with Tableau,,,,130000,130000
A Crash Course in Data Science,,,,130000,130000
English for Journalism,,,,130000,130000
Epidemiology: The Basic Science of Public Health,,,,130000,130000
"Divide and Conquer, Sorting and Searching, and Randomized Algorithms",,,130000,,130000
AWS Fundamentals,,130000,,,130000
Robotics,,120000,,,120000
Web Applications for Everybody,,,120000,,120000
Understanding Research Methods,,,,120000,120000
Marketing Digital,,120000,,,120000
What Is Contemporary Art?,,120000,,,120000
The Power of Microeconomics: Economic Principles in the Real World,,,,120000,120000
Miracles of Human Language: An Introduction to Linguistics,,120000,,,120000
The DIY Musician,,120000,,,120000
Tools for Data Science,,120000,,,120000
Machine Learning with Python,,,120000,,120000
Learn to Speak Korean 1,,120000,,,120000
Management of Fashion and Luxury Companies,,,,120000,120000
Learn English: Intermediate Grammar,,,120000,,120000
Fundamentals of Project Planning and Management,,120000,,,120000
Introdução à Ciência da Computação com Python Parte 1,,120000,,,120000
Google Cloud Platform Big Data and Machine Learning Fundamentals,,,120000,,120000
Data-driven Decision Making,,120000,,,120000
"Data Engineering, Big Data, and Machine Learning on GCP",,,120000,,120000
Business English Communication Skills,,,120000,,120000
Creative Writing: The Craft of Plot,,,,120000,120000
Android App Development,,120000,,,120000
Code Yourself! An Introduction to Programming,,120000,,,120000
Data Engineering with Google Cloud,,,120000,,120000
Tricky American English Pronunciation,,110000,,,110000
Python Basics,,110000,,,110000
Software Product Management,,110000,,,110000
Sexualidad...mucho más que sexo,,110000,,,110000
Gamification,,,,110000,110000
Introduction to Electronics,,,,110000,110000
Fundamentals of Quantitative Modeling,,,,110000,110000
Fundamentos de Finanzas Empresariales,,110000,,,110000
Introduction to the Biology of Cancer,,110000,,,110000
Electronic Music Production,,,110000,,110000
Dynamic Public Speaking,,110000,,,110000
"English for Science, Technology, Engineering, and Mathematics",,110000,,,110000
AWS Fundamentals: Going Cloud-Native,,110000,,,110000
Econometrics: Methods and Applications,,,,110000,110000
Business Statistics and Analysis,,110000,,,110000
Achieving Personal and Professional Success,,110000,,,110000
Data Analysis with Python,,110000,,,110000
Entrepreneurship,,110000,,,110000
Databases and SQL for Data Science,,110000,,,110000
Cloud Computing,,,110000,,110000
"TESOL Certificate, Part 1: Teach English Now!",,100000,,,100000
The Strategy of Content Marketing,,,100000,,100000
Nutrición y obesidad: control de sobrepeso,,100000,,,100000
Moral Foundations of Politics,,,,100000,100000
Strategic Leadership and Management,,100000,,,100000
Financial Engineering and Risk Management Part I,,,,100000,100000
Game Design and Development,,,100000,,100000
Introducción a la programación en Python I: Aprendiendo a programar con Python,,100000,,,100000
Data Analysis and Interpretation,,100000,,,100000
Investment Management,,99000,,,99000
Introduction to Data Analysis Using Excel,,,,99000,99000
Cybersecurity,,,99000,,99000
Human Resource Management: HR for People Managers,,98000,,,98000
Geographic Information Systems  (GIS),,97000,,,97000
Inspired Leadership,,,97000,,97000
"Applied Plotting, Charting & Data Representation in Python",,,97000,,97000
Design and Make Infographics (Project-Centered Course),,,,97000,97000
Data Visualization with Tableau,,96000,,,96000
Negociación exitosa: Estrategias y habilidades esenciales (en español),,,,95000,95000
Developing Your Musicianship,,54000,,41000,95000
Build a Modern Computer from First Principles: From Nand to Tetris (Project-Centered Course),,,,95000,95000
What is Social?,,,,94000,94000
Agile Development,,94000,,,94000
Marketing Mix Implementation,,93000,,,93000
Google IT Automation with Python,,93000,,,93000
Organizational Leadership,,,92000,,92000
A Law Student's Toolkit,,,,91000,91000
Bayesian Statistics: From Concept to Data Analysis,,,91000,,91000
Terrorism and Counterterrorism: Comparing Theory and Practice,,90000,,,90000
Understanding Einstein: The Special Theory of Relativity,,89000,,,89000
Foundations of Positive Psychology,,89000,,,89000
Front-End Web UI Frameworks and Tools: Bootstrap 4,,,89000,,89000
Business Strategy,,89000,,,89000
Data Science Methodology,,89000,,,89000
Biology Meets Programming: Bioinformatics for Beginners,,88000,,,88000
Introduction to Operations Management,,,,87000,87000
Introduction to User Experience Design,,87000,,,87000
Everyday Parenting: The ABCs of Child Rearing,,86000,,,86000
Fundamentals of GIS,,86000,,,86000
Entrepreneurship 1: Developing the Opportunity,,,,86000,86000
Inspiring and Motivating Individuals,,,,85000,85000
The Business of Music Production,,84000,,,84000
The Global Financial Crisis,,,,84000,84000
People Analytics,,,,84000,84000
Introduction to CSS3,,,,84000,84000
Budgeting and Scheduling Projects,,,,84000,84000
Plant Bioinformatic Methods,,83000,,,83000
Essential Google Cloud Infrastructure: Foundation,,,83000,,83000
Основы программирования на Python,,83000,,,83000
Economics of Money and Banking,,,,83000,83000
Supply Chain Management,,82000,,,82000
Introduction to International Criminal Law,,,,82000,82000
Introduction to Programming in C,,82000,,,82000
"Capstone: Retrieving, Processing, and Visualizing Data with Python",,,,82000,82000
Teach English Now! Foundational Principles,,,,81000,81000
Fundamentals of Visualization with Tableau,,81000,,,81000
Crash Course on Python,,81000,,,81000
Operations Analytics,,,,80000,80000
Learn Spanish: Basic Spanish Vocabulary,,80000,,,80000
Genomic Data Science,,,80000,,80000
Accounting Analytics,,,,80000,80000
Private Equity and Venture Capital,,,,79000,79000
Perfect Tenses and Modals,,,79000,,79000
Introduction to Game Development,,,,79000,79000
Global Diplomacy – Diplomacy in the Modern World,,,,79000,79000
In the Studio: Postwar Abstract Painting,,79000,,,79000
Art & Activity: Interactive Strategies for Engaging with Art,,,,79000,79000
Understanding Clinical Research: Behind the Statistics,,,,78000,78000
"Social Norms, Social Change I",,78000,,,78000
Magic in the Middle Ages,,78000,,,78000
Learn English: Advanced Academic Speaking and Listening,,,78000,,78000
Advanced Business Analytics,,,78000,,78000
Business English: Networking,,,77000,,77000
Машинное обучение и анализ данных,,,77000,,77000
Operating Systems and You: Becoming a Power User,,76000,,,76000
Introduction to Spreadsheets and Models,,,,76000,76000
Excel Skills for Business: Intermediate I,,,76000,,76000
Introduction to Web Development,,76000,,,76000
iOS App Development with Swift,,,76000,,76000
Financial Management,,,76000,,76000
Introduction to Discrete Mathematics for Computer Science,,75000,,,75000
Getting Started with Google Kubernetes Engine,,,75000,,75000
"Corrección, estilo y  variaciones de la lengua española",,75000,,,75000
Introduction to Genetics and Evolution,,,,74000,74000
The Arts and Science of Relationships: Understanding Human Needs,,73000,,,73000
Microeconomics Principles,,73000,,,73000
Getting Started with AWS Machine Learning,,,73000,,73000
Positive Psychiatry and Mental Health,,,,72000,72000
Introduction to Typography,,72000,,,72000
Machine Learning with TensorFlow on Google Cloud Platform,,,72000,,72000
Inspirational Leadership: Leading with Sense,,72000,,,72000
Spanish Vocabulary: Meeting People,,71000,,,71000
Managing Project Risks and Changes,,,,71000,71000
Animal Behaviour and Welfare,,,,71000,71000
Music Production,,70000,,,70000
Project Execution,,70000,,,70000
Quantitative Methods,,,,69000,69000
Finance for Non-Finance Professionals,,69000,,,69000
Introduction to Sustainability,,,,69000,69000
An Introduction to Consumer Neuroscience & Neuromarketing,,69000,,,69000
Agile Meets Design Thinking,,69000,,,69000
Éxito Profesional,,69000,,,69000
Entrepreneurship: Launching an Innovative Business,,69000,,,69000
Preparing to Manage Human Resources,,,,68000,68000
Songwriting: Writing the Lyrics,,68000,,,68000
Probabilistic Graphical Models 1: Representation,68000,,,,68000
UI / UX Design,,68000,,,68000
Trading Strategies in Emerging Markets,,68000,,,68000
Strategic Management and Innovation,,68000,,,68000
Learning to Teach Online,,68000,,,68000
Essential Google Cloud Infrastructure: Core Services,,,68000,,68000
Искусство разработки на современном C++,,,68000,,68000
Blockchain,,,68000,,68000
Power Electronics,,,67000,,67000
Introduction to Systematic Review and Meta-Analysis,,,,67000,67000
Business Technology Management,,67000,,,67000
Design and Interpretation of Clinical Trials,,,,67000,67000
Building Your Leadership Skills,,,,67000,67000
Математика и Python для анализа данных,,67000,,,67000
Supply Chain Logistics,,66000,,,66000
Interviewing and Resume Writing in English,,,66000,,66000
Data Visualization with Python,,,66000,,66000
Conflict Management,,66000,,,66000
Astrobiology and the Search for Extraterrestrial Life,,,,66000,66000
Financial Accounting Fundamentals,,65000,,,65000
Foundations of Management,,64000,,,64000
Value Chain Management,,,63000,,63000
Foundations of Business Strategy,,63000,,,63000
Antimicrobial resistance - theory and methods,,,63000,,63000
System Administration and IT Infrastructure Services,,62000,,,62000
"TESOL Certificate, Part 2: Teach English Now!",,62000,,,62000
Gut Check: Exploring Your Microbiome,,,,62000,62000
Hacia una práctica constructivista en el aula,,,,62000,62000
IT Security: Defense against the digital dark arts,,62000,,,62000
Foundations of Everyday Leadership,,,,62000,62000
Sharpened Visions: A Poetry Workshop,,61000,,,61000
Becoming a changemaker: Introduction to Social Innovation,,61000,,,61000
AI Foundations for Everyone,,61000,,,61000
Construction Management,,61000,,,61000
Software Processes and Agile Practices,,,,60000,60000
Software Design and Architecture,,60000,,,60000
Marketing con Redes Sociales,,,60000,,60000
Strategic Business Analytics,60000,,,,60000
Introduction to Ableton Live,,,,60000,60000
Financial Markets and Investment Strategy,,60000,,,60000
Data Visualization with Advanced Excel,,60000,,,60000
The Science of Success: What Researchers Know that You Should Know,,59000,,,59000
Municipal Solid Waste Management in Developing Countries,,,59000,,59000
Getting Started with Go,,,59000,,59000
Getting Started With Music Theory,,59000,,,59000
Marketing Verde,,,,58000,58000
Strategic Management,,,,58000,58000
Machine Learning for Business Professionals,,,58000,,58000
Digital Product Management: Modern Fundamentals,,58000,,,58000
Marketing Strategy,,57000,,,57000
Oil & Gas Industry Operations and Markets,,,,57000,57000
Food & Beverage Management,,,,57000,57000
"Brand Management: Aligning Business, Brand and Behaviour",,57000,,,57000
Digital Media and Marketing Strategies,,,,57000,57000
Elastic Google Cloud Infrastructure: Scaling and Automation,,,57000,,57000
Cisco Networking Basics,,57000,,,57000
Excel/VBA for Creative Problem Solving,,56000,,,56000
Greening the Economy: Sustainable Cities,,56000,,,56000
Fundamentos Estratégicos Empresariales,,56000,,,56000
Corporate Finance Essentials,,,,56000,56000
Autism Spectrum Disorder,,,,56000,56000
Managerial Economics and Business Analysis,,55000,,,55000
Behavioral Finance,,,,55000,55000
Cómo hablar bien en público,,55000,,,55000
Essentials of Corporate Finance,,,54000,,54000
Introduction to Imagemaking,,54000,,,54000
"Excel/VBA for Creative Problem Solving, Part 1",,54000,,,54000
Devenir entrepreneur du changement,,,,54000,54000
Teaching Character and Creating Positive Classrooms,,,,53000,53000
Introduction to Calculus,,,53000,,53000
Public Policy Challenges of the 21st Century,,52000,,,52000
Mastering Software Development in R,,52000,,,52000
Learn English: Advanced Grammar and Punctuation,52000,,,,52000
From the Big Bang to Dark Energy,,52000,,,52000
Программирование на Python,,,52000,,52000
Mathematics for Machine Learning: Multivariate Calculus,,51000,,,51000
Indigenous Canada,,,,51000,51000
Classical Sociological Theory,,,,51000,51000
Claves de la Dirección de Empresas,,51000,,,51000
Positive Psychology: Martin E. P. Seligman’s Visionary Science,,50000,,,50000
Supporting children with difficulties in reading and writing,,,,50000,50000
The Science of Gastronomy,,,,50000,50000
Understanding Plants - Part I: What a Plant Knows,,49000,,,49000
Marketing Gerencial,,,49000,,49000
Teamwork Skills: Communicating Effectively in Groups,,49000,,,49000
Fundamentals of Engineering Exam Review,,,,49000,49000
Investment and Portfolio Management,,49000,,,49000
Introduction to Scripting in Python,,49000,,,49000
Control of Mobile Robots,,,,49000,49000
Systems Biology and Biotechnology,,,48000,,48000
Materials Science: 10 Things Every Engineer Should Know,,,,48000,48000
Business Writing,,48000,,,48000
"The Modern World, Part Two: Global History since 1910",,47000,,,47000
Managing Your Health: The Role of Physical Therapy and Exercise,,47000,,,47000
"Presentation Skills: Speechwriting, Slides and Delivery",,47000,,,47000
The Manager's Toolkit: A Practical Guide to Managing People at Work,,,,47000,47000
Search Engine Optimization Fundamentals,,,,47000,47000
The Art of Music Production,,,47000,,47000
Gestión de organizaciones efectivas,,,,47000,47000
Introduction to Forensic Science,,,,47000,47000
Fundamentos de la escritura,,47000,,,47000
Introduction to Chemistry:  Reactions and Ratios,,46000,,,46000
"High Performance Collaboration: Leadership, Teamwork, and Negotiation",,,,46000,46000
Introduction aux Droits de l’Homme,,,,46000,46000
Convolutional Neural Networks in TensorFlow,,,46000,,46000
Egiptología (Egyptology),,46000,,,46000
"Transmedia Storytelling: Narrative worlds, emerging technologies, and global audiences",,,,45000,45000
Survey Data Collection and Analytics,,45000,,,45000
Front-End Web Development with React,,,45000,,45000
Epidemics - the Dynamics of Infectious Diseases,,,,45000,45000
Погружение в Python,,,45000,,45000
UCI Project Management,,44000,,,44000
Mountains 101,,,,44000,44000
"Globalization, Economic Growth and Stability",,,44000,,44000
Introduction to Artificial Intelligence (AI),,44000,,,44000
Democracia y decisiones públicas. Introducción al análisis de políticas públicas,,44000,,,44000
User Interface Design,,,43000,,43000
Habilidades Gerenciales,,43000,,,43000
Making Architecture,,43000,,,43000
Learn Chinese: HSK Test Preparation,,43000,,,43000
Communication Strategies for a Virtual Age,,43000,,,43000
Construction Project Management,,43000,,,43000
Costos para los Negocios,,,43000,,43000
"Competencias digitales. Herramientas de ofimática (Microsoft Word, Excel, Power Point)",,43000,,,43000
Particle Physics: an Introduction,,,,42000,42000
Music Business,,42000,,,42000
Social and Economic Networks:  Models and Analysis,42000,,,,42000
Introduction to Genomic Technologies,,,,42000,42000
Forensic Accounting and Fraud Examination,,,,42000,42000
Applied Data Science Capstone,,,42000,,42000
English for Research Publication Purposes,,,42000,,42000
Data Management for Clinical Research,,42000,,,42000
Python and Statistics for Financial Analysis,,,41000,,41000
Neurolinguistics,,,,41000,41000
International Leadership and Organizational Behavior,,,,41000,41000
Introduction to Embedded Systems Software and Development Environments,,,41000,,41000
Основы разработки на C++: белый пояс,,,41000,,41000
More Introduction to Financial Accounting,,,,40000,40000
Version Control with Git,,,,40000,40000
Positive Psychology: Resilience Skills,,40000,,,40000
Natural Language Processing in TensorFlow,,,40000,,40000
Innovation Management,,40000,,,40000
Agile with Atlassian Jira,,40000,,,40000
Discrete Optimization,,,40000,,40000
Process Mining: Data science in Action,,,39000,,39000
Self-Driving Cars,39000,,,,39000
Practical Time Series Analysis,,,39000,,39000
Fundamentals of Accounting,,39000,,,39000
Learn Mandarin Chinese,,39000,,,39000
Excel Skills for Business: Intermediate II,,,39000,,39000
Excel Skills for Business: Advanced,,,39000,,39000
Healing with the Arts,,,,39000,39000
Introduction to Self-Driving Cars,39000,,,,39000
Drug Discovery,,39000,,,39000
ADHD: Everyday Strategies for Elementary Students,,39000,,,39000
Success,,38000,,,38000
Internet Giants: The Law and Economics of Media Platforms,,,,38000,38000
Entrepreneurship 2: Launching your Start-Up,,,,38000,38000
Business English,,,38000,,38000
Финансовые инструменты для частного инвестора,,38000,,,38000
Virtual Reality,,37000,,,37000
Kotlin for Java Developers,,,37000,,37000
Global Financial Markets and Instruments,,,,37000,37000
Digital Manufacturing & Design Technology,,37000,,,37000
Coaching Skills for Managers,,,37000,,37000
Cloud Computing Basics (Cloud 101),,37000,,,37000
"Energy Production, Distribution & Safety",,37000,,,37000
Modeling Risk and Realities,,,,36000,36000
Rethinking International Tax Law,,,,36000,36000
Probability and Statistics: To p or not to p?,,36000,,,36000
Healthcare Marketplace,,36000,,,36000
Finding Purpose and Meaning In Life: Living for What Matters Most,,36000,,,36000
Internet Connection: How to Get Online?,,36000,,,36000
International Law in Action: A Guide to the International Courts and Tribunals in The Hague,,,,36000,36000
Google Cloud Platform Fundamentals for AWS Professionals,,,36000,,36000
"Anatomy of the Chest, Abdomen, and Pelvis",,,36000,,36000
C# Programming for Unity Game Development,,36000,,,36000
"Recruiting, Hiring, and Onboarding Employees",,,,35000,35000
What future for education?,,,,35000,35000
Nutrition and Lifestyle in Pregnancy,,,35000,,35000
International Women's Health and Human Rights,,35000,,,35000
IT Fundamentals for Cybersecurity,,35000,,,35000
Epigenetic Control of Gene Expression,,,,35000,35000
Dino 101: Dinosaur Paleobiology,,35000,,,35000
Advanced Machine Learning with TensorFlow on Google Cloud Platform,35000,,,,35000
Biohacking Your Brain's Health,,35000,,,35000
Software Development Lifecycle,,,34000,,34000
Music Business Foundations,,,,34000,34000
Microeconomics: The Power of Markets,,,,34000,34000
Weight Management: Beyond Balancing Calories,,34000,,,34000
Politics and Economics of International Energy,,34000,,,34000
Statistics with Python,,34000,,,34000
Industrial IoT on Google Cloud Platform,,34000,,,34000
How to Start Your Own Business,,34000,,,34000
Leadership in 21st Century Organizations,,,,34000,34000
Geopolítica y gobernanza global: riesgos y oportunidades,,,,34000,34000
Introduction to Environmental Law and Policy,,,,34000,34000
Réussir le Changement,,,,33000,33000
Systems Thinking In Public Health,,,,33000,33000
Mathematics for Machine Learning: PCA,,,33000,,33000
The Truth About Cats and Dogs,,,,33000,33000
Object-Oriented Design,,,33000,,33000
Introduction to Systems Engineering,,,,33000,33000
Atención Primaria en Salud: El desafío de las Enfermedades no Transmisibles,,,33000,,33000
Computational Thinking for Problem Solving,,33000,,,33000
Wine Tasting: Sensory Techniques for Wine Analysis,,32000,,,32000
Information Security: Context and Introduction,,32000,,,32000
Introduction to Computer Science and Programming,,32000,,,32000
Introduction to Cyber Security,,32000,,,32000
Clinical Terminology for International and U.S. Students,,32000,,,32000
COVID-19: What You Need to Know (CME Eligible),,32000,,,32000
Essentials of Global Health,,,,31000,31000
Foundations of Global Health,,31000,,,31000
Challenging Forensic Science: How Science Should Speak to Court,,31000,,,31000
Epidemiology in Public Health Practice,,31000,,,31000
Entrepreneurship 3: Growth Strategies,,31000,,,31000
Art & Ideas: Teaching with Themes,,,,31000,31000
C for Everyone: Programming Fundamentals,,31000,,,31000
Blockchain: Foundations and Use Cases,,31000,,,31000
Decision-Making and Scenarios,,,,31000,31000
Strategising: Management for Global Competitive Advantage,,,30000,,30000
Understanding and Visualizing Data with Python,,30000,,,30000
"Parallel, Concurrent, and Distributed Programming in Java",,,30000,,30000
Roman Architecture,,30000,,,30000
Introduction to Cybersecurity Tools & Cyber Attacks,,30000,,,30000
Finanzas corporativas,,,30000,,30000
Fundamental Neuroscience for Neuroimaging,,30000,,,30000
Child Nutrition and Cooking,,30000,,,30000
Разработка интерфейсов: вёрстка и JavaScript,,,30000,,30000
Anatomy,,30000,,,30000
The Horse Course: Introduction to Basic Care and Management,,,,29000,29000
Understanding Cancer Metastasis,,29000,,,29000
Recommender Systems,,,29000,,29000
Supply Chain Principles,,,,29000,29000
Linear Circuits 1: DC Analysis,,,,29000,29000
Machine Learning and Reinforcement Learning in Finance,,,29000,,29000
Global Diplomacy: the United Nations in the World,,29000,,,29000
"Advanced Valuation and Strategy - M&A, Private Equity, and Venture Capital",29000,,,,29000
Bayesian Statistics: Techniques and Models,,,29000,,29000
Stories of Infection,,,28000,,28000
The Technology of Music Production,,28000,,,28000
"Hotel Management: Distribution, Revenue and Demand Management",,28000,,,28000
Explorando la Energía Sustentable,,28000,,,28000
Become a Journalist: Report the News!,,28000,,,28000
Managing Social and Human Capital,,27000,,,27000
Introduction to Cyber Attacks,,27000,,,27000
Foundations of Marketing Analytics,,,27000,,27000
Estadística y probabilidad,,27000,,,27000
Introduction to Breast Cancer,,,,27000,27000
Content Strategy for Professionals,,27000,,,27000
AWS Fundamentals: Building Serverless Applications,,27000,,,27000
Computer Security and Systems Management,,27000,,,27000
"Python Functions, Files, and Dictionaries",,26000,,,26000
"The Sustainable Development Goals – A global, transdisciplinary vision for the future",,26000,,,26000
From Data to Insights with Google Cloud Platform,,26000,,,26000
International Marketing & Cross Industry Growth,,26000,,,26000
Branding: The Creative Journey,,26000,,,26000
Continuous Delivery & DevOps,,26000,,,26000
Cuidado de heridas en el ámbito hospitalario,,,26000,,26000
UX Design Fundamentals,,25000,,,25000
Introduction to Dental Medicine,,25000,,,25000
Innovation: From Creativity to Entrepreneurship,,25000,,,25000
Fundamentos Empresariales,,25000,,,25000
International Cyber Conflicts,,,,25000,25000
¿Qué hacen los buenos directivos? Prioridades de la Alta Dirección,,25000,,,25000
Understanding Medical Research: Your Facebook Friend is Wrong,,24000,,,24000
Renewable Energy and Green Building Entrepreneurship,,24000,,,24000
Supply Chain Operations,,24000,,,24000
Financing and Investing in Infrastructure,,,,24000,24000
Building Scalable Java Microservices with Spring Boot and Spring Cloud,,,24000,,24000
Business Strategies for A Better World,,24000,,,24000
Data Analytics for Lean Six Sigma,,24000,,,24000
Reinforcement Learning,,,23000,,23000
The Changing Global Order,,,23000,,23000
Positive Psychology: Applications and Interventions,,23000,,,23000
Virtual Teacher,,23000,,,23000
User Experience Research and Design,,23000,,,23000
Managing Innovation and Design Thinking,,23000,,,23000
The Art of Sales: Mastering the Selling Process,,23000,,,23000
Liderazgo efectivo para el siglo XXI,,,23000,,23000
Implementación del Marketing Mix,,23000,,,23000
Engineering Project Management: Initiating and Planning,,23000,,,23000
Dairy Production and Management,,,,23000,23000
An Introduction to American Law,,23000,,,23000
Cybersecurity for Business,,23000,,,23000
Chemicals and Health,,23000,,,23000
"Epidemics, Pandemics and Outbreaks",,,,23000,23000
Actualización en el manejo del paciente con diabetes mellitus tipo 2,,,,23000,23000
Osteoarchaeology: The Truth in Our Bones,,22000,,,22000
The Business of Health Care,,22000,,,22000
"Negotiation, Mediation and Conflict Resolution",,22000,,,22000
Preparing for the Google Cloud Associate Cloud Engineer Exam,,22000,,,22000
Smart Cities – Management of Smart Urban Infrastructures,,22000,,,22000
Market Research,,22000,,,22000
Learn English,,22000,,,22000
Fundamentals of Reinforcement Learning,,,22000,,22000
Julia Scientific Programming,,22000,,,22000
Getting Started with SAS Programming,,22000,,,22000
International Business Essentials,,,22000,,22000
International Humanitarian Law in Theory and Practice,,22000,,,22000
"Influencing: Storytelling, Change Management and Governance",,22000,,,22000
Global Environmental Management,,,22000,,22000
Accelerated Computer Science Fundamentals,,,22000,,22000
Autodesk Certified Professional: AutoCAD for Design and Drafting Exam Prep,22000,,,,22000
Building Conversational Experiences with Dialogflow,,22000,,,22000
Cuidados y procedimientos generales en la atención del recién nacido,,,22000,,22000
Chinese for HSK 1,,22000,,,22000
Python Classes and Inheritance,,,21000,,21000
"Modern Robotics:  Mechanics, Planning, and Control",,,21000,,21000
Object-Oriented Data Structures in C++,,,21000,,21000
Nanotechnology: A Maker’s Course,,,,21000,21000
Diseño y Creación de un Emprendimiento Social,,21000,,,21000
Психолингвистика (Psycholinguistics),,,,21000,21000
Age of Cathedrals,,21000,,,21000
Blockchain Revolution,,21000,,,21000
Digital Business Models,,21000,,,21000
"Sleep: Neurobiology, Medicine, and Society",,20000,,,20000
Pricing Strategy Optimization,,20000,,,20000
Fundamentals of Immunology,,,20000,,20000
International Organizations Management,,20000,,,20000
Fintech: Foundations & Applications of Financial Technology,,20000,,,20000
Introduction to Computer Programming,,20000,,,20000
Anatomy: Musculoskeletal and Integumentary Systems,,20000,,,20000
Entrepreneurship Strategy: From Ideation to Exit,,20000,,,20000
Using Python to Interact with the Operating System,,19000,,,19000
Programming Fundamentals,,19000,,,19000
The Social Context of Mental Health and Illness,,,,19000,19000
Geopolitics of Europe,,,,19000,19000
International Law in Action: the Arbitration of International Disputes,,,,19000,19000
Machine Learning for All,,19000,,,19000
Chicken Behaviour and Welfare,,,,19000,19000
Data Collection and Processing with Python,,,19000,,19000
Design-Led Strategy: Design thinking for business strategy and entrepreneurship,,,19000,,19000
Основы Digital Маркетинга,,,19000,,19000
Construction Cost Estimating and Cost Control,,19000,,,19000
Programming with Google Go,,,18000,,18000
Six Sigma Green Belt,,,18000,,18000
Write Your First Novel,,18000,,,18000
Feminism and Social Justice,,18000,,,18000
Fundamentals of Immunology: Innate Immunity and B-Cell Function,,,18000,,18000
Getting Started with Google Sheets,,18000,,,18000
Improving Leadership & Governance in Nonprofit Organizations,,18000,,,18000
Customer Segmentation and Prospecting,,18000,,,18000
Ecology: Ecosystem Dynamics and Conservation,,,18000,,18000
American Contract Law I,,18000,,,18000
Data and Health Indicators in Public Health Practice,,18000,,,18000
Revisão Sistemática e Meta-análise,,,17000,,17000
Stanford's Short Course on Breastfeeding,,17000,,,17000
Networking and Security Architecture with VMware NSX,,,17000,,17000
Solar Energy Basics,,17000,,,17000
Wonders of Ancient Egypt,,,17000,,17000
Leadership Development for Engineers,,17000,,,17000
Design Thinking for the Greater Good: Innovation in the Social Sector,,17000,,,17000
Drug Commercialization,,17000,,,17000
e-Learning Ecologies: Innovative Approaches to Teaching and Learning for the Digital Age,,,,17000,17000
Emerging Technologies: From Smartphones to IoT to Big Data,,17000,,,17000
A Crash Course in Causality:  Inferring Causal Effects from Observational Data,,,17000,,17000
Culture-Driven Team Building,,17000,,,17000
Sales Training for High Performing Teams,,16000,,,16000
Statistical Analysis with R for Public Health,,16000,,,16000
Sports and Society,,,,16000,16000
Research Data Management and Sharing,,,,16000,16000
Site Reliability Engineering: Measuring and Managing Reliability,16000,,,,16000
Information​ ​Systems,,16000,,,16000
Leading: Human Resource Management and Leadership,,,16000,,16000
Leading Healthcare Quality and Safety,,16000,,,16000
Introduction to User Experience Principles and Processes,,16000,,,16000
Introduction to Blockchain Technologies,,16000,,,16000
Ecosystem Services: a Method for Sustainable Development,,,16000,,16000
Корпоративные финансы и стоимость компании,,16000,,,16000
Developing APIs with Google Cloud's Apigee API Platform,,,16000,,16000
Six Sigma and the Organization (Advanced),,,15000,,15000
"Resilience in Children Exposed to Trauma, Disaster and War: Global Perspectives",,,,15000,15000
Machine Learning for Trading,,,15000,,15000
Cost and Economics in Pricing Strategy,,15000,,,15000
Construction Scheduling,,15000,,,15000
Arts and Heritage Management,,,,15000,15000
Arts and Culture Strategy,,,,15000,15000
Bugs 101: Insect-Human Interactions,,15000,,,15000
Communication Skills for Engineers,,15000,,,15000
Sequence Models,,,14000,,14000
The hidden value – Lean in manufacturing and services,,14000,,,14000
Modern Big Data Analysis with SQL,,14000,,,14000
Security & Safety Challenges in a Globalized World,,14000,,,14000
Essential Epidemiologic Tools for Public Health Practice,,14000,,,14000
Love as a Force for Social Justice,,14000,,,14000
Get Interactive: Practical Teaching with Technology,,14000,,,14000
Investment Management with Python and Machine Learning,,14000,,,14000
Integrative Health and Medicine,,14000,,,14000
Introduction to Business Analytics: Communicating with Data,,,14000,,14000
Foundational Finance for Strategic Decision Making,,14000,,,14000
Gender and Sexuality: Diversity and Inclusion in the Workplace,,14000,,,14000
Biostatistics in Public Health,,14000,,,14000
Искусство ведения бизнеса,,14000,,,14000
Engineering Health: Introduction to Yoga and Physiology,,14000,,,14000
Algorithms for Battery Management Systems,,,14000,,14000
Advertising and Society,,,,14000,14000
The Science of Training Young Athletes,,13000,,,13000
"Open Source Software Development, Linux and Git",,13000,,,13000
Social Entrepreneurship,,13000,,,13000
Memoir and Personal Essay: Write About Yourself,,13000,,,13000
Evaluación educativa,,13000,,,13000
"Introduction to Trading, Machine Learning & GCP",,,13000,,13000
FinTech: Finance Industry Transformation and Regulation,,13000,,,13000
Business Model Innovation,,,,13000,13000
BIM Fundamentals for Engineers,,13000,,,13000
AI for Medicine,,,13000,,13000
AWS Fundamentals: Migrating to the Cloud,,,13000,,13000
Patrocinio Deportivo,,12000,,,12000
Spacecraft Dynamics and Control,12000,,,,12000
Write A Feature Length Screenplay For Film Or Television,,12000,,,12000
Scaling Operations: Linking Strategy and Execution,,,,12000,12000
TensorFlow: Data and Deployment,,,12000,,12000
Unity XR: How to Build AR and VR Apps,,12000,,,12000
The Science of Stem Cells,,,12000,,12000
Sports Marketing,,,12000,,12000
Mathematics for Data Science,,12000,,,12000
New Approaches to Countering Terror: Countering Violent Extremism,,12000,,,12000
U.S. Federal Taxation,,,12000,,12000
Finance for Non-Financial Managers,,,12000,,12000
Financial Reporting,,,12000,,12000
"FinTech: Foundations, Payments, and Regulations",,12000,,,12000
Introduction to Statistics & Data Analysis in Public Health,,12000,,,12000
Instructional Design Foundations and Applications,,,,12000,12000
Influencer Marketing Strategy,,,12000,,12000
AI for Medical Diagnosis,,,12000,,12000
Agile и Scrum в работе над проектами и продуктами,,12000,,,12000
Electric Industry Operations and Markets,,12000,,,12000
Strategy and Sustainability,,11000,,,11000
Understanding Modern Finance,,,11000,,11000
Managerial Accounting Fundamentals,,11000,,,11000
Summary Statistics in Public Health,,11000,,,11000
The Cycle: Management of Successful Arts and Cultural Organizations,,11000,,,11000
Introduction to Portfolio Construction and Analysis with Python,,,,11000,11000
"Everyday Excel, Part 1",,11000,,,11000
International migrations: a global issue,,11000,,,11000
AWS Fundamentals: Addressing Security Risk,,11000,,,11000
Anticorrupción: Introducción a conceptos y perspectiva práctica,,11000,,,11000
Antibiotic Stewardship,11000,,,,11000
Practical Data Science with MATLAB,,10000,,,10000
G Suite Administration,,10000,,,10000
Global Energy and Climate Policy,,10000,,,10000
Les Fondamentaux de la Négociation,,10000,,,10000
"Innovation Through Design: Think, Make, Break, Repeat",,10000,,,10000
Financial Acumen for Non-Financial Managers,,10000,,,10000
Graphic Design Elements for Non-Designers,,10000,,,10000
Information Visualization,,10000,,,10000
Aspectos básicos de la planificación y la gestión de proyectos,,10000,,,10000
Corporate Sustainability. Understanding and Seizing the Strategic Opportunity,,,,10000,10000
Business Transformation with Google Cloud,,10000,,,10000
Corporate & Commercial Law I: Contracts & Employment Law,,,10000,,10000
Accounting for Decision Making,,,9900,,9900
Русский как иностранный,,,9800,,9800
Instructional Methods in Health Professions Education,,,9700,,9700
FinTech Law and Policy,,9700,,,9700
Autodesk Certified Professional: Revit for Architectural Design Exam Prep,9700,,,,9700
Strategic Business Management - Microeconomics,,9500,,,9500
University Teaching,,9500,,,9500
Boosting Creativity for Innovation,,9500,,,9500
The Oral Cavity: Portal to Health and Disease,,,9400,,9400
Sustainable Tourism – promoting environmental public health,,9400,,,9400
Futures Thinking,,9400,,,9400
Strategic Sales Management,,,9200,,9200
Autodesk CAD/CAM/CAE for Mechanical Engineering,,,9200,,9200
Addiction Treatment: Clinical Skills for Healthcare Providers,,9200,,,9200
Modernizing Data Lakes and Data Warehouses with GCP,,,9100,,9100
Palo Alto Networks Cybersecurity,,9100,,,9100
School Health for Children and Adolescents,,9100,,,9100
Digital Advertising Strategy,,9000,,,9000
Periodismo digital y combate a las fake news,,8900,,,8900
Patient Safety,,8800,,,8800
Soporte de Tecnologías de la Información de Google,,8800,,,8800
Big Data – Introducción al uso práctico de datos masivos,,8800,,,8800
Intellectual Property Law,,,8700,,8700
Teach English Now! Teaching Language Online,,,8500,,8500
Mastering Final Cut Pro,,8400,,,8400
Dermatology: Trip to skin,,8200,,,8200
Health Informatics,,8100,,,8100
Ancient Philosophy: Aristotle and His Successors,,,,8100,8100
L'excellence opérationnelle en pratique,,8000,,,8000
Developing Industrial Internet of Things,,,8000,,8000
Supply Chain Analytics,,7900,,,7900
Entrepreneurial Finance: Strategy and Innovation,,,7900,,7900
Analysing: Numeric and digital literacies,,7900,,,7900
Corporate Strategy,,7800,,,7800
"Ready, Set, Future! Introduction to Futures Thinking",,7700,,,7700
Global Trends for Business and Society,,,,7600,7600
Hardware Description Languages for FPGA Design,,,7400,,7400
Building Batch Data Pipelines on GCP,,,7300,,7300
Autodesk CAD/CAM for Manufacturing,,,7300,,7300
Requirements Engineering: Secure Software  Specifications,,7200,,,7200
The Economics of Health Care Delivery,,,,7200,7200
Equine Welfare and Management,,7200,,,7200
Legal Tech & Startups,,,7200,,7200
EMT Foundations,,7100,,,7100
Russian for beginners А1. Русский язык: A1,,7000,,,7000
Sample-based Learning Methods,,,6800,,6800
Aprende a programar con Python,,6600,,,6600
Aboriginal Worldviews and Education,,,,6600,6600
Intercultural Management,,6500,,,6500
Financial Technology (Fintech) Innovations,,6500,,,6500
Becoming a Sports Agent,,6500,,,6500
Secure Coding Practices,,,6400,,6400
Epidemiology for Public Health,,6400,,,6400
Compassionate Leadership Through Service Learning with Jane Goodall and Roots & Shoots,,6400,,,6400
"L'impact investing, la finance qui change le monde",,6300,,,6300
What is Compliance?,,,,6200,6200
Optical Engineering,6200,,,,6200
Unity Certified Programmer Exam Preparation,,,6100,,6100
Introduction to Intellectual Property,,6000,,,6000
"Leading for Equity, Diversity and Inclusion in Higher Education",,,5900,,5900
Building Resilient Streaming Analytics Systems on GCP,,,5800,,5800
Computational Social Science,,5800,,,5800
Sales Operations/Management,,5600,,,5600
Driving business towards the Sustainable Development Goals,,5600,,,5600
Homeland Security and Cybersecurity,,5500,,,5500
Healthcare Organization Operations,,5500,,,5500
Curanderismo: Traditional Healing Using Plants,,5500,,,5500
Troubles du spectre de l'autisme : diagnostic,,,5400,,5400
Health Information Literacy for Data Analytics,,,5400,,5400
Newborn Baby Care,,5300,,,5300
(ISC)² Systems Security Certified Practitioner (SSCP),,5300,,,5300
Reporting extra-financier et stratégie RSE,,5200,,,5200
The Teacher and Social and Emotional Learning (SEL),,5200,,,5200
Supply Chain Finance and Blockchain Technology,,,4900,,4900
Fundraising and Development,,4900,,,4900
Medical Cannabis: The Health Effects of THC and CBD,,4800,,,4800
Climate Change and Health: From Science to Action,,4800,,,4800
Introdução aos Princípios e Práticas da Gestão De Projetos,,4500,,,4500
Dentistry 101,,4500,,,4500
Formulación y evaluación de proyectos complejos,,,4400,,4400
Japanese for beginners 1,,4400,,,4400
Social Policy for Social Services & Health Practitioners,,4200,,,4200
Become a Sustainable Business Change Agent,,,4200,,4200
Architecting with Google Cloud Platform 日本語版,,,4200,,4200
Introduction to Thermodynamics: Transferring Energy from Here to There,,4100,,,4100
Essentials in Clinical Simulations Across the Health Professions,,,4100,,4100
AI for Medical Prognosis,,,4000,,4000
Developing Applications with Google Cloud Platform 日本語版,,,4000,,4000
Diseño Instruccional: Aprendizaje activo y Pedagogía digital,,4000,,,4000
Swift 5 iOS Application Developer,,3900,,,3900
Unraveling the Cycling City,,,3900,,3900
Architecting with Google Kubernetes Engine 日本語版,,3900,,,3900
Good with Words: Writing and Editing,,3800,,,3800
Global Financing Solutions  (by EDHEC and Société Générale),,,3600,,3600
IBM AI Enterprise Workflow,3500,,,,3500
Effective Compliance Programs,,,,3400,3400
IBM Customer Engagement Specialist Professional Certificate,,3300,,,3300
Palliative Care: It's Not Just Hospice Anymore,,3200,,,3200
Russian Alphabet,,3200,,,3200
Foundations of Public Health Practice,,3200,,,3200
Queering Identities: LGBTQ+ Sexuality and Gender Identity,,3000,,,3000
Data Engineering on Google Cloud Platform 日本語版,,,3000,,3000
Access Controls,,2900,,,2900
SAS Visual Business Analytics,,2600,,,2600
Introduction to Cloud Computing,,2600,,,2600
AI For Medical Treatment,,,2400,,2400
Enterprise Architecture,,2400,,,2400
Beyond the Sustainable Development Goals (SDGs): Addressing Sustainability and Development,,,,2300,2300
Implementing RPA with Cognitive Automation and Analytics,,2200,,,2200
International Security Management,,2200,,,2200
Blended Language Learning: Design and Practice for Teachers,,,1900,,1900
Esports,,1800,,,1800
The Pronunciation of American English,,1700,,,1700
Healthcare Law,,,1700,,1700
"Identifying, Monitoring, and Analyzing Risk and Incident Response and Recovery",,1700,,,1700
Infectious Disease Modelling,,,1600,,1600
Blockchain Revolution in Financial Services,,1600,,,1600
El Abogado del Futuro: Legaltech y la Transformación Digital del Derecho,,1500,,,1500
Grand Total,1264400,39921800,14506300,24989400,80681900
